<translations language="java">
<rule type="class">
<source>
<!-- $name $body -->
</source>
<target>
class $name
{
$body
}
</target>
</rule>

<rule type="procedure">
<source>
<!-- $name $args $returnType {{!body  -->
</source>
<target>
public $returntype $name($pars)
{
$body

$return
}
</target>
</rule>

<rule type="constructor">
<source>
<!-- $name $args $returnType {{!body  -->
</source>
<target>
public $name($pars)
{
$body
}
</target>
</rule>

<rule type="inpar">
<source>
<!-- $id $type -->
</source>
<target>
 $type $id
 </target>
</rule>

<rule type="outpar">
<source>
<!-- $id $type -->
</source>
<target>
 $type&#38; $id
 </target>
</rule>

<rule type="return">
<source>
<!-- $id $type -->
</source>
<target>
 return $id;
 </target>
</rule>

<rule type="sequence">
<source>
<!-- $statement -->
</source>
<target>
$statement;
</target>
</rule>



<rule type="ifbranch">
<source>
<!-- $cond $body -->
</source>
<target>
if($cond)
{
$body
}
</target>
</rule>

<rule type="elseifbranch">
<source>
<!-- $cond $body -->
</source>
<target>
else if($cond)
{
$body
}
</target>
</rule>

<rule type="elsebranch">
<source>
<!-- $body -->
</source>
<target>
else
{
$body
}
</target>
</rule>

<rule type="loop">
<source>
<!-- $cond $body -->
</source>
<target>
while($cond)
{
$body
}
</target>
</rule>

<rule type="vardecl">
<source>
<!-- $id $type -->
</source>
<target>
$type $id
</target>
</rule>

<rule type="identifier">
<source>
<!-- $name -->
</source>
<target>
$name
</target>
</rule>

<!--
******************************
    TYPES
******************************
 -->

<rule type="type">
<source >
ℤ
</source>
<target>
int
</target>
</rule>

<rule type="type">
<source >
BOOL
</source>
<target>
boolean
</target>
</rule>


<rule type="ctype">
<metavariables>
<var>
<id>
$a
</id>
<type>
ℤ
</type>
</var>
<var>
<id>
$b
</id>
<type>
ℤ
</type>
</var>
</metavariables>
<source >
0‥$a→$b
</source>
<target>
int[]
</target>
</rule>


<!--
******************************
    OPERATORS
******************************
 -->

<rule type="operator">
<source>
$a
</source>
<target>
$a
</target>
</rule>


<rule type="operator">
<source>
$a + $b
</source>
<target>
($a + $b)
</target>
</rule>


<rule type="operator">
<source >
$a ≔ $b
</source>
<target>
$a = $b
</target>
</rule>

<rule type="operator">
<source>
$a − $b
</source>
<target>
($a - $b)
</target>
</rule>

<rule type="operator">
<source>
$a &#60; $b
</source>
<target>
$a &#60; $b
</target>
</rule>

<rule type="operator">
<source>
$a > $b
</source>
<target>
$a > $b
</target>
</rule>

<rule type="operator">
<source>
$a ≠ $b
</source>
<target>
$a != $b
</target>
</rule>


<rule type="operator">
<source>
$a = $b
</source>
<target>
$a == $b
</target>
</rule>






<rule type="operator">
<metavariables>
<var>
<id>
$a
</id>
<type>
0‥ℤ→ℤ
</type>
</var>
</metavariables>
<source >
$a
</source>
<target>
$a
</target>
</rule>

<rule type="operator">
<metavariables>
<var>
<id>
$a
</id>
<type>
0‥ℤ→ℤ
</type>
</var>
</metavariables>
<source >
$a ≔ ∅
</source>
<target>
$a = []
</target>
</rule>


<rule type="operator">
<source>
$a ÷ $b
</source>
<target>
($a / $b)
</target>
</rule>




<rule type="operator">
<metavariables>
<var>
<id>
$a
</id>
<type>
0‥ℤ→ℤ
</type>
</var>
<var>
<id>
$b
</id>
<type>
ℤ
</type>
</var>
</metavariables>
<source>
$a($b)
</source>
<target>
$a[$b]
</target>
</rule>



<rule type="operator">
<source>
card($a)
</source>
<target>
count($a)
</target>
</rule>


<rule type="operator">
<metavariables>
<var>
<id>
$a
</id>
<type>
0‥ℤ→ℤ
</type>
</var>
</metavariables>
<source>
card($a)
</source>
<target>
$a.length
</target>
</rule>
</translations>